{"1": [[152.84786987304688, 160.08221435546875, 0.058463454246520996], 10.0], "2": [[161.16139221191406, 174.1033477783203, 0.04326128959655762], 3.7811721066491417], "3": [[162.2046356201172, 163.11517333984375, 0.07777649164199829], 10.0], "4": [[154.50375366210938, 170.40675354003906, 0.06047575920820236], 2.596619777688072], "5": [[152.46913146972656, 163.69947814941406, 0.0575382262468338], 10.0], "6": [[157.92027282714844, 157.45947265625, 0.0854211077094078], 10.0], "7": [[163.1769256591797, 157.1570587158203, 0.04951334744691849], 10.0], "8": [[162.62591552734375, 169.46279907226562, 0.08471990376710892], 2.458167592715632], "9": [[163.04010009765625, 172.21856689453125, 0.056891635060310364], 3.873424729286808], "10": [[158.45326232910156, 156.02757263183594, 0.024701034650206566], 10.0], "11": [[166.35552978515625, 166.85565185546875, 0.020162876695394516], 1.4325819035657927], "12": [[158.2274932861328, 155.2987060546875, 0.02062411606311798], 10.0], "13": [[154.27349853515625, 158.3647918701172, 0.054101258516311646], 10.0], "14": [[152.8096466064453, 168.7399444580078, 0.09726687520742416], 1.6791070920256241], "15": [[169.2195281982422, 159.025146484375, 0.026718847453594208], 10.0], "16": [[168.1305694580078, 166.32057189941406, 0.07183486223220825], 1.5815531255966615], "17": [[168.22203063964844, 158.15939331054688, 0.051607824862003326], 10.0], "18": [[163.89120483398438, 170.7478485107422, 0.03565714880824089], 3.0411338191874457], "19": [[153.35336303710938, 173.5543975830078, 0.07396063208580017], 4.404668867939319], "20": [[164.59115600585938, 169.61155700683594, 0.06434909999370575], 2.595054565977425], "21": [[155.3573455810547, 167.92877197265625, 0.09983109682798386], 1.351175533744652], "22": [[156.12623596191406, 158.06288146972656, 0.08022908866405487], 10.0], "23": [[158.2909393310547, 156.67849731445312, 0.016280557960271835], 10.0], "24": [[152.43247985839844, 173.94435119628906, 0.0618676021695137], 4.155464985692824], "25": [[160.6754913330078, 160.7674560546875, 0.06142145395278931], 10.0], "26": [[157.0757293701172, 155.4113311767578, 0.038499247282743454], 10.0], "27": [[159.13510131835938, 162.85659790039062, 0.0324859619140625], 10.0], "28": [[169.50404357910156, 171.49325561523438, 0.08367215096950531], 3.796936101023576], "29": [[157.82275390625, 169.8385009765625, 0.053668245673179626], 2.3144835224835916], "30": [[168.13856506347656, 168.71670532226562, 0.03870665282011032], 2.4421594703277], "31": [[161.50088500976562, 161.96498107910156, 0.06479018181562424], 10.0], "32": [[167.1219024658203, 169.95484924316406, 0.011793174780905247], 2.8831167447951627], "33": [[159.95701599121094, 169.96624755859375, 0.025327762588858604], 2.389447598125247], "34": [[151.23248291015625, 170.515380859375, 0.06091640889644623], 2.589808804082468], "35": [[161.19786071777344, 174.2281494140625, 0.05534050613641739], 4.065483282423038], "36": [[167.48782348632812, 166.18264770507812, 0.0732770785689354], 1.4401716532460305], "37": [[169.5895538330078, 167.58651733398438, 0.05964396148920059], 2.302838180840867], "38": [[168.5858612060547, 172.8489532470703, 0.04982064664363861], 3.9642456145949105], "39": [[153.12313842773438, 172.81285095214844, 0.09736309945583344], 4.249135351241711], "40": [[162.67074584960938, 168.02520751953125, 0.018924206495285034], 1.5512327806097166], "41": [[165.50753784179688, 159.96319580078125, 0.03900894895195961], 10.0], "42": [[152.089599609375, 163.0124053955078, 0.014939568936824799], 10.0], "43": [[156.8521270751953, 159.7050323486328, 0.04195220768451691], 10.0], "44": [[168.4994354248047, 159.84654235839844, 0.07989927381277084], 10.0], "45": [[155.65875244140625, 158.06173706054688, 0.08534031361341476], 10.0], "46": [[167.50424194335938, 166.7351837158203, 0.09411352127790451], 1.7084875029323634], "47": [[158.14732360839844, 173.1866912841797, 0.02883150801062584], 4.071356938544926], "48": [[168.39964294433594, 159.76730346679688, 0.03819670155644417], 10.0], "49": [[157.39166259765625, 159.33580017089844, 0.07745394855737686], 10.0], "50": [[168.51858520507812, 166.5234375, 0.023170262575149536], 1.6587271023780756], "51": [[160.5435791015625, 165.32257080078125, 0.08173684775829315], 0.5922432002211254], "52": [[153.57586669921875, 162.90672302246094, 0.016835737973451614], 10.0], "53": [[156.33993530273438, 166.55813598632812, 0.08304207772016525], 0.6710113998699505], "54": [[166.51953125, 174.74609375, 0.08566579967737198], 4.523378835509615], "55": [[150.39468383789062, 166.94589233398438, 0.03342829644680023], 0.5245513370291923], "56": [[166.6254425048828, 158.96507263183594, 0.02954474836587906], 10.0], "57": [[156.59283447265625, 172.17562866210938, 0.01583903469145298], 3.5115496787765497], "58": [[168.9717254638672, 172.78042602539062, 0.04960949718952179], 3.997374598743502], "59": [[166.8341827392578, 162.71060180664062, 0.011731862090528011], 0.9005807285580971], "60": [[150.88641357421875, 168.22720336914062, 0.0405070036649704], 1.139282387632347], "61": [[152.07244873046875, 168.54269409179688, 0.04835048317909241], 1.3734081955374258], "62": [[164.64903259277344, 162.6421356201172, 0.08969619870185852], 10.0], "63": [[160.6472625732422, 155.73907470703125, 0.09087678790092468], 10.0], "64": [[160.31396484375, 163.4847412109375, 0.01460391003638506], 10.0], "65": [[154.6878204345703, 161.46014404296875, 0.01913570612668991], 10.0], "66": [[160.16749572753906, 164.10726928710938, 0.025447838008403778], 10.0], "67": [[170.0, 171.06370544433594, 0.05078273266553879], 3.536178031315678], "68": [[165.4181671142578, 165.4943084716797, 0.039470747113227844], 0.8239792683115189], "69": [[161.94297790527344, 155.13307189941406, 0.10000000149011612], 10.0], "70": [[166.55645751953125, 165.07107543945312, 0.09236294776201248], 0.9547897478772117], "71": [[162.1814727783203, 160.2291717529297, 0.03306000307202339], 10.0], "72": [[170.0, 165.4529266357422, 0.09038620442152023], 1.6492244166792895], "73": [[170.0, 158.41885375976562, 0.027378743514418602], 10.0], "74": [[170.0, 173.39015197753906, 0.04189644753932953], 4.128939625545382], "75": [[169.12762451171875, 165.7811737060547, 0.03217175602912903], 1.535814308477239], "76": [[163.170166015625, 168.85800170898438, 0.06700263172388077], 2.1166040720457047], "77": [[170.0, 164.37774658203125, 0.03899448364973068], 1.3051760472773233], "78": [[163.85824584960938, 172.29843139648438, 0.024378787726163864], 3.763238747365917], "79": [[170.0, 156.52932739257812, 0.03449263423681259], 10.0], "80": [[162.21681213378906, 162.64683532714844, 0.08154401183128357], 10.0], "81": [[164.9020538330078, 166.25267028808594, 0.10000000149011612], 1.2011639283399598], "82": [[153.8175506591797, 168.84555053710938, 0.054664887487888336], 1.619746208663876], "83": [[170.0, 166.39654541015625, 0.0687435194849968], 1.9378997537784566], "84": [[168.0121307373047, 174.1218719482422, 0.028816431760787964], 4.099298893706379], "85": [[166.88497924804688, 162.93177795410156, 0.04709980636835098], 0.7285296761031483], "86": [[165.72389221191406, 167.80032348632812, 0.0493026077747345], 1.795073580475629], "87": [[158.10415649414062, 163.459228515625, 0.009999999776482582], 10.0], "88": [[166.3650360107422, 167.11114501953125, 0.06930378079414368], 1.624761576229305], "89": [[169.65115356445312, 155.0, 0.06580222398042679], 10.0], "90": [[159.36204528808594, 165.96539306640625, 0.0713018998503685], 0.548892071168486], "91": [[159.81907653808594, 162.68991088867188, 0.07545001059770584], 10.0], "92": [[165.1888885498047, 169.55238342285156, 0.0403149388730526], 2.5435629508041346], "93": [[165.21859741210938, 170.88172912597656, 0.0442129448056221], 3.20299231437133], "94": [[164.23684692382812, 175.0, 0.05582144111394882], 4.640111148563771], "95": [[157.02658081054688, 166.07861328125, 0.02831312082707882], 0.5211369299736586], "96": [[170.0, 175.0, 0.059710681438446045], 4.559941385734765],